Text,Link,Photo,Scheduled Date,Scheduled Time,Profile
"Most entrepreneurs work 60+ hours/week but can't tell you what they're working toward.

That's not hustle. That's chaos.

The fix? A SMART vision.

Not ""I want to be rich.""

Try: ""By Dec 2027, I'll run a $2M/year business working 30 hrs/week.""

Specific. Measurable. Real.",https://goalachieverpro.com,,2025-02-03,10:00,Twitter
"Most entrepreneurs are busy being busy.

They work 60+ hours a week but can't tell you exactly what they're working toward.

Here's the uncomfortable truth: Without a clear vision, you're just trading time for exhaustion.

Dan Martell's research shows entrepreneurs with written, specific visions are 42% more likely to achieve their goals.

SMART visions:
‚Ä¢ Specific enough to measure
‚Ä¢ Meaningful enough to pursue
‚Ä¢ Aligned with your values
‚Ä¢ Realistic yet stretching
‚Ä¢ Time-bound with deadlines

Challenge: Write your 3-year vision in one paragraph.

#BuyBackYourTime #Entrepreneurship #Vision #GoalSetting",https://goalachieverpro.com,,2025-02-03,08:00,LinkedIn
"The 300% Rule (from Dan Martell):

Success = Clarity + Belief + Consistency

Each scored 0-100%. Your weakest score is your bottleneck.

CLARITY (0-100%)
Can you explain your goal in one sentence?

BELIEF (0-100%)
Do you truly think you can hit it?

CONSISTENCY (0-100%)
Are you taking daily action?

Find your lowest score. Fix that first.

What's your weakest link?",,,,10:00,Twitter
"The 300% Rule changed how I think about goals.

Your success on any goal = Clarity + Belief + Consistency

Each scored 0-100%. Max score: 300%.

Where most fail:
‚ùå High clarity, low belief = Know what to do but don't think you can
‚ùå High belief, low consistency = Think you can but don't show up
‚ùå High consistency, low clarity = Show up but spin wheels

Quick self-audit:
- Clarity (0-100%): ___
- Belief (0-100%): ___
- Consistency (0-100%): ___

What's your weakest link? That's what to fix first.

#Productivity #GoalSetting #Entrepreneurship #BuyBackYourTime",https://goalachieverpro.com,,2025-02-04,08:00,LinkedIn
"Forget New Year's Resolutions.

Try 12 Power Goals instead:
‚Ä¢ 3 per quarter
‚Ä¢ 6-8 weeks each
‚Ä¢ Each moves the needle

Small enough to finish. Big enough to matter.

What's your Q1 Power Goal #1?",,,,10:00,Twitter
"12 Power Goals. 4 Quarters. 1 Year of Transformation.

Why most annual planning fails: People set vague yearly goals, then forget by February.

Dan Martell's Power Goals system:
‚Ä¢ 12 projects (3 per quarter)
‚Ä¢ Each takes 6-8 weeks
‚Ä¢ Each moves toward your vision

Example Q1:
1. Launch group coaching program
2. Build email list to 5,000
3. Create signature framework

Each Power Goal gets monthly targets, weekly targets, and daily actions.

That's how dreams become reality.

#GoalSetting #AnnualPlanning #Entrepreneurship #PowerGoals",https://goalachieverpro.com,,2025-02-05,08:00,LinkedIn
"The DRIP Matrix (save this):

D - Delegate (drains you)
R - Replace (good at, shouldn't do)
I - Invest (builds capacity)
P - Production (highest value)

Goal: Minimize D+R. Maximize I+P.

Where's YOUR time going?",,,,10:00,Twitter
"Not all work is created equal.

The DRIP Matrix categorizes every task:

üî¥ D - Delegation: Tasks that drain you. Delegate them.
üü° R - Replacement: You're good but shouldn't do it.
üü¢ I - Investment: Builds future capacity.
üîµ P - Production: Your highest-value work.

The goal:
‚Ä¢ Minimize D and R
‚Ä¢ Protect I
‚Ä¢ Maximize P

Quick audit: What did you spend time on today? Which quadrant?

Most entrepreneurs find 60%+ in D or R. That's time to buy back.

#BuyBackYourTime #Productivity #Delegation #TimeManagement",https://goalachieverpro.com,,2025-02-06,08:00,LinkedIn
"Friday check-in:

What's the ONE thing that would change everything for you in the next 90 days?

Reply with yours. No explanations needed. Just the goal.",,,,10:00,Twitter
"Friday reflection:

If you could only accomplish ONE thing in the next 90 days that would change everything...

What would it be?

Not ten things. Not ""it depends.""

One thing.

Share below.

#FridayReflection #GoalSetting #Focus",https://goalachieverpro.com,,2025-02-07,08:00,LinkedIn
"Saturday morning = weekly planning time

30 minutes now saves 5+ hours of chaos next week.

What's on your planning agenda?",,,,10:00,Twitter
"Sunday night 5-minute routine:

1. What's my #1 priority tomorrow?
2. What could derail me?
3. How will I protect focus?

Monday morning you will thank Sunday night you.

What's your #1 priority tomorrow?",,,,19:00,Twitter
"Sunday night routine that changed my Mondays:

Before bed, answer 3 questions:

1. What's my #1 priority tomorrow?
2. What could derail me?
3. How will I protect my focus?

Takes 5 minutes.

Monday morning: Hit the ground running.

What's YOUR Monday #1 priority?

#SundayRoutine #MondayMotivation #Productivity",https://goalachieverpro.com,,2025-02-09,17:00,LinkedIn
"Tracked my time in 15-min blocks.

What I thought: ""I work on important stuff""

What I found:
- 3.5 hrs/day on email
- 2 hrs on Slack
- 1.5 hrs on pointless meetings

7 hours of ""productive"" busy work.

You can't optimize what you don't measure.",,,,10:00,Twitter
"The 15-minute revelation.

I tracked my time in 15-minute blocks for 2 weeks.

üî¥ 3.5 hours/day on email (felt like 1 hour)
üî¥ 2 hours/day on Slack
üî¥ 1.5 hours/day on pointless meetings

7 hours/day of low-value work that FELT productive.

Meanwhile:
üü¢ Only 2 hours/day on revenue work
üü¢ Zero hours on strategic planning

The time audit doesn't lie.

Challenge: Track every 15-minute block for 5 days. What you discover will shock you.

#TimeTracking #Productivity #TimeAudit #BuyBackYourTime",https://goalachieverpro.com,,2025-02-10,08:00,LinkedIn
"Time management without energy management = half the equation

Track your energy (1-5) every hour for a week.

You'll discover:
- Your peak hours (protect these!)
- Your low hours (do admin here)
- Energy vampires (eliminate these)

When are your peak hours?",,,,10:00,Twitter
"Time management is incomplete without energy management.

Rate each 15-min block (1-5):
‚ö°‚ö°‚ö°‚ö°‚ö° (5) - Peak state
‚ö°‚ö°‚ö°‚ö° (4) - High energy
‚ö°‚ö°‚ö° (3) - Neutral
‚ö°‚ö° (2) - Sluggish
‚ö° (1) - Running on fumes

My patterns:
Peak: 6am-10am (4-5 energy)
Low: 2pm-4pm (2-3 energy)

The fix:
‚úÖ Deep work: 6am-10am
‚úÖ Admin/email: 2pm-4pm

Same hours. Different output.

When are YOUR peak hours?

#EnergyManagement #Productivity #TimeBlocking",https://goalachieverpro.com,,2025-02-11,08:00,LinkedIn
"3 MINs every night.

(Most Important Next Steps)

Rules:
- Max 3 (focus!)
- Specific & actionable
- Tied to a Power Goal
- Time blocked

Wake up knowing exactly what to do.

What are your 3 MINs tomorrow?",,,,10:00,Twitter
"The 3 MINs that changed my days:

MINs = Most Important Next Steps

Every night, write 3 MINs for tomorrow.

Rules:
1. Maximum 3 (not a to-do list)
2. Specific and actionable
3. Moves a Power Goal forward
4. Time blocked

Bad: ""Work on marketing""
Good: ""Write 500 words email sequence (9-10am)""

The magic:
- Wake up knowing what to do
- Zero decision fatigue
- By 10am, already won

What are YOUR 3 MINs for tomorrow?

#MINs #Productivity #DailyPlanning #Focus",https://goalachieverpro.com,,2025-02-12,08:00,LinkedIn
"Just shipped: Progress Page üìä

‚Ä¢ Roll-up: Daily ‚Üí Weekly ‚Üí Monthly ‚Üí Power Goal
‚Ä¢ Goal health scoring
‚Ä¢ Activity trends

Insight: 80% task completion, 40% goal progress.

Busy ‚â† productive.",,,,10:00,Twitter
"Tracking goals is easy. Knowing if you're on track? Hard.

Just shipped a new Progress page:

üìä Roll-up View - See daily ‚Üí weekly ‚Üí monthly ‚Üí Power Goals
üéØ Goal Health Scoring - Completion rate, consistency, Production time
üìà Activity Trends - Patterns over weeks/months

The insight: 80% complete on tasks but only 40% toward goals.

Busy ‚â† productive.

The Progress page makes that visible instantly.

#BuildInPublic #ProductivityApp #GoalTracking",https://goalachieverpro.com,,2025-02-13,08:00,LinkedIn
"Friday poll: What productivity metric matters most?

A) Time on high-value work
B) Goal completion %
C) Energy levels
D) Consistency streaks

Reply with your letter!",,,,10:00,Twitter
"Week 2 recap: Time is your most valuable asset.

This week:
üìä 15-minute time tracking
‚ö° Energy mapping
üéØ MINs (3 most important next steps)
üöÄ Goal Achiever Pro walkthrough
üìà Real results (22 hours/week reclaimed)

Key insight: You can't buy back time you don't know you're losing.

What was your biggest takeaway?

#WeeklyRecap #TimeManagement #Productivity",https://goalachieverpro.com,,2025-02-14,08:00,LinkedIn
