Week,Day,Date,Platform,Content Type,Status,Theme,Hook/Title,Full Caption,Hashtags,Media Type,Media File,Link,CTA,Publish Time,Buffer Queue,Notes,Review By,Approved
1,Monday,2025-02-03,X,Tweet,Draft,Vision,Most entrepreneurs work 60+ hours/week but can't tell you what they're working toward.,"Most entrepreneurs work 60+ hours/week but can't tell you what they're working toward.

That's not hustle. That's chaos.

The fix? A SMART vision.

Not ""I want to be rich.""

Try: ""By Dec 2027, I'll run a $2M/year business working 30 hrs/week.""

Specific. Measurable. Real.",,Text,,,Try it ‚Üí,10:00 AM,Queue 1,,Joel,No
1,Monday,2025-02-03,LinkedIn,Post,Draft,Vision,Most entrepreneurs are busy being busy,"Most entrepreneurs are busy being busy.

They work 60+ hours a week but can't tell you exactly what they're working toward.

Here's the uncomfortable truth: Without a clear vision, you're just trading time for exhaustion.

productivity research's research shows that entrepreneurs with written, specific visions are 42% more likely to achieve their goals.

Not vague dreams. Not ""I want to be successful.""

SMART visions:
‚Ä¢ Specific enough to measure
‚Ä¢ Meaningful enough to pursue when it gets hard
‚Ä¢ Aligned with what actually matters to you
‚Ä¢ Realistic yet stretching
‚Ä¢ Time-bound with real deadlines

This week, I challenge you: Write down your 3-year vision in one paragraph.

What does your life look like? Your business? Your relationships?

Drop it in the comments. Let's make it real.",#TimeOptimization #Entrepreneurship #Vision #GoalSetting #Productivity,Text,,,Comment below ‚Üì,8:00 AM,Queue 1,,Joel,No
1,Monday,2025-02-03,Instagram,Carousel,Draft,Vision,You're Working Hard. But Toward What?,"Stop being busy. Start being intentional. Your vision is the filter for every decision you'll make this year. What's yours? üëá

Slide 1: ""You're Working Hard. But Toward What?""
Slide 2: ""60+ hours/week without a vision = expensive chaos""
Slide 3: ""SMART Vision Framework""
Slide 4: ""Example Vision""
Slide 5: ""Your turn: Write yours""",#GoalSetting #Entrepreneurship #Vision #TimeOptimization #Productivity #BusinessGrowth,Carousel,carousel_vision_smart.zip,,Comment your vision,12:00 PM,Queue 1,5 slides - see Canva template,Joel,No
1,Monday,2025-02-03,YouTube,Short,Draft,Vision,93% of goals fail. Here's why yours won't.,"93% of goals fail. Here's why yours won't.

Most people set vague goals like ""be successful"" or ""grow my business.""

That's not a goal. That's a wish.

SMART visions are different:
- Specific (exact numbers)
- Meaningful (worth fighting for)
- Aligned (with your life)
- Realistic (but challenging)
- Time-bound (real deadline)

Example: ""By December 2027, I run a $2M business, work 30 hours, take 8 weeks vacation.""

See the difference?

Write yours today.",#shorts #productivity #goalsetting #entrepreneur,Video,short_vision_smart.mp4,goalachieverpro.com,Link in bio,3:00 PM,Queue 1,45 sec vertical,Joel,No
1,Tuesday,2025-02-04,X,Thread,Draft,300% Rule,The 300% Rule (from Goal Achiever Pro):,"The 300% Rule (from Goal Achiever Pro):

Success = Clarity + Belief + Consistency

Each scored 0-100%.

Your weakest score is your bottleneck.

Thread üßµ

1/ CLARITY (0-100%)
Can you explain your goal in one sentence?
Do you have specific metrics?
Is there a deadline?

Low clarity = spinning wheels

2/ BELIEF (0-100%)
Do you truly think you can hit this goal?
Have you seen others do it?
What evidence supports your belief?

Low belief = self-sabotage

3/ CONSISTENCY (0-100%)
Are you taking daily action?
Do you have systems, not just intentions?
What happens when motivation fades?

Low consistency = dreams stay dreams

4/ The unlock:

Find your lowest score.
Fix that first.

What's your weakest link?",,Text,,,Reply with yours,10:00 AM,Queue 1,5 tweet thread,Joel,No
1,Tuesday,2025-02-04,LinkedIn,Post,Draft,300% Rule,The 300% Rule changed how I think about goals,"The 300% Rule changed how I think about goals.

From productivity research's ""time optimization"":

Your success on any goal = Clarity + Belief + Consistency

Each scored 0-100%. Max score: 300%.

Here's where most entrepreneurs fail:

‚ùå High clarity, low belief = You know what to do but don't think you can
‚ùå High belief, low consistency = You think you can but don't show up
‚ùå High consistency, low clarity = You show up but spin your wheels

The magic happens at 300%:
‚úÖ Crystal clear on the goal
‚úÖ Unshakeable belief you'll hit it
‚úÖ Non-negotiable daily action

Quick self-audit:

Your biggest goal right now:
- Clarity (0-100%): ___
- Belief (0-100%): ___
- Consistency (0-100%): ___

What's your weakest link? That's what to fix first.",#Productivity #GoalSetting #Entrepreneurship #TimeOptimization,Text,,,Share your scores,8:00 AM,Queue 1,,Joel,No
1,Tuesday,2025-02-04,Instagram,Reel,Draft,300% Rule,Why your goals keep failing (it's math),"Which is YOUR weakest link? Clarity, Belief, or Consistency? Be honest üëá

Script:
""The 300% Rule from productivity research:

Success equals Clarity plus Belief plus Consistency.

Each scored zero to one hundred percent.

Your total needs to be close to 300 to succeed.

Most people have high clarity - they know what they want.

But low belief - they don't think they can do it.

Or low consistency - they don't show up daily.

Quick audit: Score yourself on each.

Your lowest number? That's what to fix first.""",#ProductivityTips #GoalSetting #Entrepreneurship #300Rule,Video,reel_300_rule.mp4,,Comment your scores,12:00 PM,Queue 1,30 sec reel,Joel,No
1,Tuesday,2025-02-04,YouTube,Short,Draft,300% Rule,The 300% Rule in 60 seconds,"Why your goals keep failing - it's math.

Success on any goal equals Clarity plus Belief plus Consistency. Each scored 0 to 100. Max score: 300%.

Your lowest score is your bottleneck.

High clarity but low belief? You know what to do but don't think you can.

High belief but low consistency? You think you can but don't show up.

Quick audit: Score yourself right now. Which is lowest? Fix that first.",#shorts #productivity #goalsetting #motivation,Video,short_300_rule.mp4,goalachieverpro.com,Follow for more,3:00 PM,Queue 1,45 sec vertical,Joel,No
1,Wednesday,2025-02-05,X,Tweet,Draft,Power Goals,Forget New Year's Resolutions.,"Forget ""New Year's Resolutions.""

Try 12 Power Goals instead:

‚Ä¢ 3 per quarter
‚Ä¢ 6-8 weeks each
‚Ä¢ Each one moves the needle

Small enough to finish. Big enough to matter.

What's your Q1 Power Goal #1?",,Text,,,Reply below,10:00 AM,Queue 1,,Joel,No
1,Wednesday,2025-02-05,LinkedIn,Post,Draft,Power Goals,12 Power Goals. 4 Quarters. 1 Year of Transformation.,"12 Power Goals. 4 Quarters. 1 Year of Transformation.

Here's why most annual planning fails:

People set vague yearly goals, then forget about them by February.

productivity research's Power Goals system is different:

Instead of 1 massive goal, you set 12 projects:
‚Ä¢ 3 projects per quarter
‚Ä¢ Each takes 6-8 weeks
‚Ä¢ Each moves you toward your vision

Why 12?

‚úÖ Small enough to complete
‚úÖ Big enough to matter
‚úÖ Frequent enough to build momentum

Example for a coaching business:

Q1:
1. Launch group coaching program
2. Build email list to 5,000
3. Create signature framework

Q2:
4. Hire first VA
5. Launch podcast
6. Develop referral system

Each Power Goal gets:
‚Ä¢ Monthly targets
‚Ä¢ Weekly targets
‚Ä¢ Daily actions

That's how dreams become reality.

What would YOUR 12 Power Goals be?",#GoalSetting #AnnualPlanning #Entrepreneurship #PowerGoals,Text,,,Share your Q1 goals,8:00 AM,Queue 1,,Joel,No
1,Wednesday,2025-02-05,Instagram,Carousel,Draft,Power Goals,Why 12 Power Goals > 1 Big Resolution,"One resolution = one chance to fail. Twelve Power Goals = twelve chances to win. Which system sounds better? Share your Q1 goals below!

Slide 1: ""Why 12 Power Goals > 1 Big Resolution""
Slide 2: ""The Problem: January enthusiasm fades by February""
Slide 3: ""The Solution: 12 Power Goals - 3 per quarter""
Slide 4: ""Example Q1 Goals""
Slide 5: ""Each breaks down: Monthly ‚Üí Weekly ‚Üí Daily""
Slide 6: ""Save this & plan your 12""",#PowerGoals #GoalSetting #Productivity #AnnualPlanning,Carousel,carousel_power_goals.zip,,Save this post,12:00 PM,Queue 1,6 slides,Joel,No
1,Wednesday,2025-02-05,YouTube,Long-form,Draft,Complete System,How to Actually Achieve Your Goals (The Complete System),"93% of people who set goals never achieve them. And it's not because they lack willpower. Today I'm going to show you the complete goal achievement system that actually works.

This video covers:
- SMART Vision creation
- 12 Power Goals framework
- Time tracking with DRIP
- Daily MINs execution
- The 300% Rule

üì≤ Try Goal Achiever Pro FREE: [link]

Timestamps in description.",#productivity #goalsetting #entrepreneur #buybackyourtime,Video,longform_complete_system.mp4,goalachieverpro.com,Try free - link below,10:00 AM,Queue 1,15-18 min video - PILLAR CONTENT,Joel,No
1,Thursday,2025-02-06,X,Tweet,Draft,DRIP Matrix,The DRIP Matrix (save this):,"The DRIP Matrix (save this):

D - Delegate (drains you)
R - Replace (good at, shouldn't do)
I - Invest (builds capacity)
P - Production (highest value)

Goal: Minimize D+R. Maximize I+P.

Where's YOUR time going?",,Text,,,Retweet to save,10:00 AM,Queue 1,,Joel,No
1,Thursday,2025-02-06,LinkedIn,Post,Draft,DRIP Matrix,Not all work is created equal.,"Not all work is created equal.

The DRIP Matrix helps you categorize every task:

üî¥ D - Delegation
Tasks that drain you. Someone else could (and should) do them.
Example: Email management, scheduling, data entry

üü° R - Replacement
Tasks you're good at but shouldn't be doing.
Example: Bookkeeping, social media posting, customer support

üü¢ I - Investment
Tasks that build future capacity.
Example: Learning, relationships, systems building

üîµ P - Production
Your highest-value work. Where you're 10x better than others.
Example: Sales calls, strategy, content creation (if that's your zone)

The goal:
‚Ä¢ Minimize D and R (delegate or automate)
‚Ä¢ Protect I (schedule it intentionally)
‚Ä¢ Maximize P (this is where you create value)

Do a quick audit:
What did you spend time on today?
Which quadrant did it fall into?

Most entrepreneurs are shocked to find 60%+ of their time is D or R.

That's time you're buying back.",#TimeOptimization #Productivity #Delegation #TimeManagement,Text,,,Share your D+R %,8:00 AM,Queue 1,,Joel,No
1,Thursday,2025-02-06,Instagram,Carousel,Draft,DRIP Matrix,The DRIP Matrix: Where Is Your Time Going?,"Tracked my time for a week. 67% was in D and R. No wonder I felt busy but unproductive. What about you?

Slide 1: ""The DRIP Matrix: Where Is Your Time Going?""
Slide 2: ""üî¥ DELEGATION - Drains you, delegate it""
Slide 3: ""üü° REPLACEMENT - Good at it, shouldn't do it""
Slide 4: ""üü¢ INVESTMENT - Builds future capacity""
Slide 5: ""üîµ PRODUCTION - Your highest-value work""
Slide 6: ""GOAL: D+R < 30% | P > 40%""",#TimeManagement #DRIP #Productivity #TimeOptimization,Carousel,carousel_drip.zip,,Save & audit yours,12:00 PM,Queue 1,6 slides,Joel,No
1,Thursday,2025-02-06,YouTube,Short,Draft,DRIP Matrix,The DRIP Matrix in 60 seconds,"Not all work is created equal. Some tasks should never be on your calendar.

D - Delegation. Drains you. Delegate it.
R - Replacement. You're good but shouldn't do it.
I - Investment. Builds future capacity.
P - Production. Your highest-value work.

Track your time for a week. Categorize everything.

If D plus R is over 50%, you're spending half your time on work you shouldn't be doing.

Goal: Minimize D and R. Maximize P.

That's how you buy back your time.",#shorts #productivity #timemanagement #entrepreneur,Video,short_drip.mp4,goalachieverpro.com,Full breakdown in bio,3:00 PM,Queue 1,55 sec vertical,Joel,No
1,Friday,2025-02-07,X,Tweet,Draft,Engagement,Friday check-in:,"Friday check-in:

What's the ONE thing that would change everything for you in the next 90 days?

Reply with yours. No explanations needed. Just the goal.",,Text,,,Reply below,10:00 AM,Queue 1,Engagement post,Joel,No
1,Friday,2025-02-07,LinkedIn,Post,Draft,Engagement,Friday reflection question:,"Friday reflection question:

If you could only accomplish ONE thing in the next 90 days that would change everything...

What would it be?

Not ten things. Not ""it depends.""

One thing.

Share below - I'm curious what you're building toward.",#FridayReflection #GoalSetting #Focus,Text,,,Comment your ONE thing,8:00 AM,Queue 1,Engagement post,Joel,No
1,Friday,2025-02-07,Instagram,Story,Draft,Engagement,Weekend Poll,"This week I felt:
A) Focused & productive
B) Busy but scattered
C) Overwhelmed
D) Coasting

+ Question box: ""What's your ONE focus for next week?""",#FridayFeels,Story,story_poll_friday.png,,Vote & share,12:00 PM,Queue 1,Poll + Question sticker,Joel,No
1,Saturday,2025-02-08,X,Tweet,Draft,Weekend,Saturday morning = weekly planning time,"Saturday morning = weekly planning time

30 minutes now saves 5+ hours of chaos next week.

What's on your planning agenda?",,Text,,,Reply below,10:00 AM,Queue 1,Lighter weekend content,Joel,No
1,Saturday,2025-02-08,Instagram,Reel,Draft,Weekend,POV: Saturday planning instead of winging it,"30 minutes of planning saves 5+ hours of chaos. What does your Saturday planning look like?

Show: Saturday morning, coffee, notebook/app, planning session

Text overlay: ""POV: It's Saturday and you're planning next week instead of winging it""",#WeekendPlanning #Productivity #SaturdayVibes,Video,reel_saturday_planning.mp4,,Like if you plan,12:00 PM,Queue 1,Behind-the-scenes vibe,Joel,No
1,Sunday,2025-02-09,X,Tweet,Draft,Sunday Prep,Sunday night 5-minute routine:,"Sunday night 5-minute routine:

1. What's my #1 priority tomorrow?
2. What could derail me?
3. How will I protect focus?

Monday morning you will thank Sunday night you.

What's your #1 priority tomorrow?",,Text,,,Share yours,7:00 PM,Queue 1,,Joel,No
1,Sunday,2025-02-09,LinkedIn,Post,Draft,Sunday Prep,Sunday night routine that changed my Mondays:,"Sunday night routine that changed my Mondays:

Before bed, I answer 3 questions:

1. What's my #1 priority tomorrow? (Just one thing that MUST happen)

2. What could derail me? (Meetings? Low energy? Unclear tasks?)

3. How will I protect my focus? (Block time? Airplane mode? Different location?)

Takes 5 minutes.

Monday morning: Hit the ground running instead of figuring out what to do.

What's YOUR Monday #1 priority?",#SundayRoutine #MondayMotivation #Productivity,Text,,,Share your Monday priority,5:00 PM,Queue 1,,Joel,No
1,Sunday,2025-02-09,Instagram,Carousel,Draft,Sunday Prep,The 5-Minute Sunday Routine,"This simple routine transformed my Mondays from chaotic to focused. Try it tonight and let me know how tomorrow goes!

Slide 1: ""The 5-Minute Sunday Routine""
Slide 2: ""Question 1: What's my #1 priority tomorrow?""
Slide 3: ""Question 2: What could derail me?""
Slide 4: ""Question 3: How will I protect my focus?""
Slide 5: ""5 minutes tonight = crushing it tomorrow""",#SundayRoutine #MondayMotivation #Productivity #WeeklyPlanning,Carousel,carousel_sunday_routine.zip,,Try tonight,4:00 PM,Queue 1,4 slides,Joel,No
2,Monday,2025-02-10,X,Tweet,Draft,Time Audit,Tracked my time in 15-min blocks.,"Tracked my time in 15-min blocks.

What I thought: ""I work on important stuff""

What I found:
- 3.5 hrs/day on email
- 2 hrs on Slack
- 1.5 hrs on pointless meetings

7 hours of ""productive"" busy work.

You can't optimize what you don't measure.",,Text,,,Retweet if relatable,10:00 AM,Queue 1,,Joel,No
2,Monday,2025-02-10,LinkedIn,Post,Draft,Time Audit,The 15-minute revelation.,"The 15-minute revelation.

I tracked my time in 15-minute blocks for 2 weeks.

Here's what I discovered:

üî¥ 3.5 hours/day on email (that felt like 1 hour)
üî¥ 2 hours/day on ""quick"" Slack messages
üî¥ 1.5 hours/day on meetings that accomplished nothing

That's 7 hours/day of low-value work that FELT productive.

Meanwhile:
üü¢ Only 2 hours/day on revenue-generating activities
üü¢ Zero hours on strategic planning
üü¢ 30 minutes on learning/development

The time audit doesn't lie.

You can't optimize what you don't measure.

This week's challenge: Track every 15-minute block for 5 days.

What you discover will shock you.",#TimeTracking #Productivity #TimeAudit #TimeOptimization,Text,,,Take the challenge,8:00 AM,Queue 1,,Joel,No
2,Monday,2025-02-10,Instagram,Reel,Draft,Time Audit,I tracked my time for 2 weeks. Here's what I found.,"This week's challenge: Track your time in 15-minute blocks. What you discover will change everything. Who's in?

Script:
""I tracked my time for 2 weeks. Here's what I found.

I thought I spent maybe an hour on email. It was 3.5 hours.

I thought Slack was quick check-ins. 2 hours gone.

Meetings I thought were important? 1.5 hours of nothing.

7 hours a day on stuff that felt productive but wasn't.

Only 2 hours on things that actually made money.

The time audit doesn't lie.""",#TimeTracking #Productivity #RealityCheck,Video,reel_time_audit.mp4,,Comment ""IN"" to join,12:00 PM,Queue 1,Reveal format,Joel,No
2,Monday,2025-02-10,YouTube,Short,Draft,Time Audit,Time audit reality check,"I tracked my time in 15-minute blocks. Here's what I found.

What I thought: I spend about an hour on email.
Reality: Three and a half hours.

Slack quick check-ins: Two hours.
Meetings that accomplished nothing: Hour and a half.

Seven hours a day. On work that felt productive. But wasn't.

You can't optimize what you don't measure. Try it for one week.",#shorts #productivity #timemanagement #realitycheck,Video,short_time_audit.mp4,goalachieverpro.com,Track yours,3:00 PM,Queue 1,50 sec,Joel,No
2,Tuesday,2025-02-11,X,Tweet,Draft,Energy,Time management without energy management = half the equation,"Time management without energy management = half the equation

Track your energy (1-5) every hour for a week.

You'll discover:
- Your peak hours (protect these!)
- Your low hours (do admin here)
- Energy vampires (eliminate these)

When are your peak hours?",,Text,,,Reply with yours,10:00 AM,Queue 1,,Joel,No
2,Tuesday,2025-02-11,LinkedIn,Post,Draft,Energy,Time management is incomplete without energy management.,"Time management is incomplete without energy management.

Here's what I added to my 15-minute time tracking:

Energy rating (1-5) for each block:

‚ö°‚ö°‚ö°‚ö°‚ö° (5) - Peak state, crushing it
‚ö°‚ö°‚ö°‚ö° (4) - High energy, focused
‚ö°‚ö°‚ö° (3) - Neutral, getting by
‚ö°‚ö° (2) - Sluggish, forcing it
‚ö° (1) - Running on fumes

After 2 weeks, patterns emerged:

My peak hours: 6am-10am (consistently 4-5 energy)
My low hours: 2pm-4pm (consistently 2-3 energy)

The mistake I was making:
‚ùå Creative work at 3pm (low energy)
‚ùå Email at 8am (peak energy)

The fix:
‚úÖ Deep work and sales calls: 6am-10am
‚úÖ Admin and email: 2pm-4pm
‚úÖ Meetings: Only after 10am

Same hours. Completely different output.

When are YOUR peak hours?",#EnergyManagement #Productivity #TimeBlocking #PeakPerformance,Text,,,Share your peak hours,8:00 AM,Queue 1,,Joel,No
2,Tuesday,2025-02-11,Instagram,Carousel,Draft,Energy,Why Time Management Alone Doesn't Work,"When are YOUR peak energy hours? Mine are early morning. Comment yours!

Slide 1: ""Why Time Management Alone Doesn't Work""
Slide 2: ""The Missing Piece: ENERGY - Rate every hour 1-5""
Slide 3: ""My Discovery: Peak 6-10am, Low 2-4pm""
Slide 4: ""The Fix: Peak hours ‚Üí Deep work, Low hours ‚Üí Admin""
Slide 5: ""Same hours. Different arrangement. Different results.""",#EnergyManagement #Productivity #TimeBlocking #PeakPerformance,Carousel,carousel_energy.zip,,Share your peak hours,12:00 PM,Queue 1,5 slides,Joel,No
2,Wednesday,2025-02-12,X,Tweet,Draft,MINs,3 MINs every night.,"3 MINs every night.

(Most Important Next Steps)

Rules:
- Max 3 (focus!)
- Specific & actionable
- Tied to a Power Goal
- Time blocked

Wake up knowing exactly what to do.

What are your 3 MINs tomorrow?",,Text,,,Share yours,10:00 AM,Queue 1,,Joel,No
2,Wednesday,2025-02-12,LinkedIn,Post,Draft,MINs,The 3 MINs that changed my days:,"The 3 MINs that changed my days:

MINs = Most Important Next Steps

Every night, I write down 3 MINs for tomorrow.

Rules:

1. Maximum 3 (focus, not a to-do list)
2. Must be specific and actionable
3. Must move a Power Goal forward
4. Scheduled with a time block

Bad MIN: ""Work on marketing""
Good MIN: ""Write 500 words of email sequence for launch (9am-10am)""

Bad MIN: ""Catch up on stuff""
Good MIN: ""Record video 3 of course module 2 (6am-7am)""

The magic:
- Wake up knowing exactly what to do
- Zero decision fatigue
- By 10am, already won the day

What are YOUR 3 MINs for tomorrow?",#MINs #Productivity #DailyPlanning #Focus,Text,,,Share your MINs,8:00 AM,Queue 1,,Joel,No
2,Wednesday,2025-02-12,Instagram,Reel,Draft,MINs,The 3 MINs system that transformed my mornings,"What are YOUR 3 MINs for tomorrow? Drop them in the comments!

Script:
""The 3 MINs system that transformed my mornings.

Every night I write down my 3 Most Important Next Steps.

Not a to-do list. Not 10 things. Just 3.

Each one has to be specific. 'Work on marketing' doesn't count.

'Write 500 words of launch email from 9 to 10am' - that counts.

I wake up. I know exactly what to do. Zero decision fatigue.

By 10am, I've already won the day.""",#MINs #MorningRoutine #Productivity #DailyPlanning,Video,reel_mins.mp4,,Share your 3 MINs,12:00 PM,Queue 1,45 sec,Joel,No
2,Wednesday,2025-02-12,YouTube,Long-form,Draft,Time Audit,How I Found 22 Hours/Week I Was Wasting (Time Audit Tutorial),"I tracked my time in 15-minute blocks for two weeks. What I found was embarrassing. Here's exactly how to do this audit yourself.

Covers:
- Setting up 15-min blocks
- Energy ratings
- DRIP categorization
- Analyzing results
- Taking action

üì≤ Try Goal Achiever Pro FREE: [link]
üìÑ Free Time Audit Template: [link]",#productivity #timemanagement #timeaudit #entrepreneur,Video,longform_time_audit.mp4,goalachieverpro.com,Template in description,10:00 AM,Queue 1,12-15 min tutorial,Joel,No
2,Thursday,2025-02-13,X,Tweet,Draft,App Feature,Just shipped: Progress Page üìä,"Just shipped: Progress Page üìä

‚Ä¢ Roll-up view: Daily ‚Üí Weekly ‚Üí Monthly ‚Üí Power Goal
‚Ä¢ Goal health scoring
‚Ä¢ Activity trends over time

The insight that hit: 80% task completion, 40% goal progress.

Busy ‚â† productive.

This makes it visible instantly.",,Text,,,Check it out,10:00 AM,Queue 1,Build in public,Joel,No
2,Thursday,2025-02-13,LinkedIn,Post,Draft,App Feature,Tracking goals is easy. Knowing if you're on track? That's the hard part.,"Tracking goals is easy. Knowing if you're actually on track? That's the hard part.

Just shipped a new Progress page that changes everything:

üìä Roll-up View
See how your daily actions roll up to weekly targets, monthly targets, and Power Goals. One glance tells you if you're on track.

üéØ Goal Health Scoring
Each goal gets a health score based on:
‚Ä¢ Completion rate
‚Ä¢ Consistency
‚Ä¢ Time spent in Production hours

üìà Activity Trends
See what you actually spend time on over weeks and months. Patterns emerge that you'd never notice day-to-day.

The insight that hit me:

I was 80% complete on my tasks but only 40% toward my actual goals.

Busy ‚â† productive.

The Progress page makes that visible instantly.

What would you discover if you could see your real progress?",#BuildInPublic #ProductivityApp #GoalTracking #Metrics,Text,,,Link in comments,8:00 AM,Queue 1,,Joel,No
2,Thursday,2025-02-13,Instagram,Carousel,Draft,App Feature,New Feature: The Progress Page,"This changed how I look at my weeks. What's YOUR task completion vs goal progress ratio?

Slide 1: ""New Feature: The Progress Page""
Slide 2: ""üìä Roll-up View - Daily ‚Üí Weekly ‚Üí Monthly ‚Üí Goals""
Slide 3: ""üéØ Goal Health Scoring""
Slide 4: ""üìà The Insight: 80% tasks done, 40% goal progress""
Slide 5: ""Try it: Link in bio""",#ProductivityApp #GoalTracking #Progress #BuildInPublic,Carousel,carousel_progress_page.zip,,Link in bio,12:00 PM,Queue 1,5 slides with app screenshots,Joel,No
2,Friday,2025-02-14,X,Tweet,Draft,Engagement,Friday poll: What productivity metric matters most?,"Friday poll: What productivity metric matters most?

A) Time on high-value work
B) Goal completion %
C) Energy levels
D) Consistency streaks

Reply with your letter!",,Text,,,Vote below,10:00 AM,Queue 1,Engagement,Joel,No
2,Friday,2025-02-14,LinkedIn,Post,Draft,Week Recap,Week 2 recap: Time is your most valuable asset.,"Week 2 recap: Time is your most valuable asset.

This week we covered:

üìä 15-minute time tracking (measure to optimize)
‚ö° Energy mapping (match tasks to energy levels)
üéØ MINs (3 most important next steps daily)
üöÄ How the system comes together in Goal Achiever Pro
üìà Real results (22 hours/week reclaimed)

Key insight: You can't buy back time you don't know you're losing.

The time audit reveals where your hours actually go.

Next week: Building routines and systems that protect your peak hours.

What was your biggest takeaway this week?",#WeeklyRecap #TimeManagement #Productivity,Text,,,Share your takeaway,8:00 AM,Queue 1,,Joel,No
